package,version,build,declared_license,channel
_libavif_api,1.4.2,h11686cb_4,BSD-2-Clause,conda-forge
_python_abi3_support,1.0,hd8ed1ab_3,MIT,conda-forge
aom,3.14.1,pl5321h06fc181_2,BSD-2-Clause,conda-forge
aws-c-auth,0.10.5,h656367e_1,Apache-2.0,conda-forge
aws-c-cal,0.9.15,h36eb692_2,Apache-2.0,conda-forge
aws-c-common,0.14.4,hfd05255_0,Apache-2.0,conda-forge
aws-c-compression,0.3.2,hecc8758_6,Apache-2.0,conda-forge
aws-c-http,0.11.0,h704e83a_6,Apache-2.0,conda-forge
aws-c-io,0.27.5,h8a15937_2,Apache-2.0,conda-forge
aws-c-s3,0.13.7,h9b12ce3_0,Apache-2.0,conda-forge
aws-c-sdkutils,0.2.10,hecc8758_0,Apache-2.0,conda-forge
aws-checksums,0.2.10,hecc8758_6,Apache-2.0,conda-forge
bzip2,1.0.8,h0ad9c76_10,bzip2-1.0.6,conda-forge
ca-certificates,2026.7.22,h4c7d964_0,ISC,conda-forge
cairo,1.18.4,h477c42c_3,LGPL-2.1-only or MPL-1.1,conda-forge
cpython,3.11.16,py311hd8ed1ab_2,Python-2.0,conda-forge
dav1d,1.5.4,hd3d83fb_4,BSD-2-Clause,conda-forge
double-conversion,3.4.0,hac47afa_0,BSD-3-Clause,conda-forge
ffmpeg,9.0.2,gpl_h928aae7_900,GPL-2.0-or-later,conda-forge
font-ttf-dejavu-sans-mono,2.37,hab24e00_0,BSD-3-Clause,conda-forge
font-ttf-inconsolata,3.000,h77eed37_0,OFL-1.1,conda-forge
font-ttf-source-code-pro,2.038,h77eed37_0,OFL-1.1,conda-forge
font-ttf-ubuntu,0.83,h77eed37_3,LicenseRef-Ubuntu-Font-Licence-Version-1.0,conda-forge
fontconfig,2.18.3,hd47e2ca_1,MIT,conda-forge
fonts-conda-ecosystem,1,0,BSD-3-Clause,conda-forge
fonts-conda-forge,1,hc364b38_1,BSD-3-Clause,conda-forge
freetype,2.14.3,h57928b3_2,GPL-2.0-only OR FTL,conda-forge
fribidi,1.0.16,hfd05255_2,LGPL-2.1-or-later,conda-forge
gdk-pixbuf,2.44.8,h1f5b9c4_2,LGPL-2.1-or-later,conda-forge
gflags,2.3.1,h5112557_0,BSD-3-Clause,conda-forge
glib,2.90.0,h6d70850_0,LGPL-2.1-or-later,conda-forge
glib-tools,2.90.0,hafa6b35_0,LGPL-2.1-or-later,conda-forge
glog,0.7.1,he0fcdf7_1,BSD-3-Clause,conda-forge
glslang,16.6.0,h8fa7867_0,BSD-3-Clause,conda-forge
graphite2,1.3.15,h5112557_1,LGPL-2.0-or-later,conda-forge
gst-plugins-base,1.28.7,h78e2189_0,LGPL-2.0-or-later,conda-forge
gstreamer,1.28.7,hae9036a_0,LGPL-2.0-or-later,conda-forge
gtest,1.18.0,h477610d_1,BSD-3-Clause,conda-forge
harfbuzz,14.4.0,h57928b3_1,MIT,conda-forge
hdf5,1.14.6,nompi_hae35d4c_110,BSD-3-Clause,conda-forge
icu,78.3,h5112557_2,MIT,conda-forge
imath,3.2.2,h1608b31_0,BSD-3-Clause,conda-forge
khronos-opencl-icd-loader,2024.10.24,hfd05255_2,Apache-2.0,conda-forge
krb5,1.22.2,h719d79b_2,MIT,conda-forge
lame,4.0,h0c5f640_1,LGPL-2.0-only,conda-forge
lerc,4.2.0,hd936e49_0,Apache-2.0,conda-forge
libabseil,20260526.0,cxx17_h04e5de1_2,Apache-2.0,conda-forge
libaec,1.1.5,haf901d7_0,BSD-2-Clause,conda-forge
libavif,1.4.2,ha691d8f_4,BSD-2-Clause,conda-forge
libavif16,1.4.2,h7f05e3c_4,BSD-2-Clause,conda-forge
libblas,3.11.0,11_h8455456_mkl,BSD-3-Clause,conda-forge
libbrotlicommon,1.2.0,hf02afa3_4,MIT,conda-forge
libbrotlidec,1.2.0,h84f9c24_4,MIT,conda-forge
libbrotlienc,1.2.0,he2a975b_4,MIT,conda-forge
libcblas,3.11.0,11_h2a3cdd5_mkl,BSD-3-Clause,conda-forge
libclang13,23.1.1,default_hacd6ee9_0,Apache-2.0 WITH LLVM-exception,conda-forge
libcurl,8.22.0,hdb0ef4a_0,curl,conda-forge
libdav1d,1.5.4,h11686cb_4,BSD-2-Clause,conda-forge
libdav1d7,1.5.4,h6a83c73_4,BSD-2-Clause,conda-forge
libdeflate,1.25,h1a1d4e4_1,MIT,conda-forge
libexpat,2.8.1,hac47afa_1,MIT,conda-forge
libffi,3.7.0,h3d046cb_1,MIT,conda-forge
libfreetype,2.14.3,h57928b3_2,GPL-2.0-only OR FTL,conda-forge
libfreetype6,2.14.3,hdbac1cb_2,GPL-2.0-only OR FTL,conda-forge
libglib,2.90.0,ha564072_0,LGPL-2.1-or-later,conda-forge
libharfbuzz,14.4.0,h03b5201_1,MIT,conda-forge
libharfbuzz-devel,14.4.0,h03b5201_1,MIT,conda-forge
libhwloc,2.13.0,default_h049141e_1000,BSD-3-Clause,conda-forge
libhwy,1.4.0,h2419aca_1,Apache-2.0 OR BSD-3-Clause,conda-forge
libiconv,1.18,hc1393d2_3,LGPL-2.1-only,conda-forge
libintl,0.22.5,h5728263_4,LGPL-2.1-or-later,conda-forge
libintl-devel,0.22.5,h5728263_4,LGPL-2.1-or-later,conda-forge
libjpeg-turbo,3.2.0,hfd05255_1,IJG AND BSD-3-Clause AND Zlib,conda-forge
libjxl,0.12.0,h932607e_2,BSD-3-Clause,conda-forge
liblapack,3.11.0,11_hf9ab0e9_mkl,BSD-3-Clause,conda-forge
liblapacke,3.11.0,11_h3ae206f_mkl,BSD-3-Clause,conda-forge
liblzma,5.8.3,hfd05255_1,0BSD,conda-forge
liblzma-devel,5.8.3,hfd05255_1,0BSD,conda-forge
libogg,1.3.5,h2466b09_1,BSD-3-Clause,conda-forge
libopencv,5.0.0,qt6_h46e5808_606,Apache-2.0,conda-forge
libopenjpeg,2.5.4,h1c6eee0_2,BSD-2-Clause,main
libopenvino,2026.3.0,hdd74c21_0,Apache-2.0,conda-forge
libopenvino-auto-batch-plugin,2026.3.0,h64b899c_0,Apache-2.0,conda-forge
libopenvino-auto-plugin,2026.3.0,h64b899c_0,Apache-2.0,conda-forge
libopenvino-hetero-plugin,2026.3.0,h18f6330_0,Apache-2.0,conda-forge
libopenvino-intel-cpu-plugin,2026.3.0,hdd74c21_0,Apache-2.0,conda-forge
libopenvino-intel-gpu-plugin,2026.3.0,hdd74c21_0,Apache-2.0,conda-forge
libopenvino-ir-frontend,2026.3.0,h18f6330_0,Apache-2.0,conda-forge
libopenvino-onnx-frontend,2026.3.0,h6326bed_0,Apache-2.0,conda-forge
libopenvino-paddle-frontend,2026.3.0,h6326bed_0,Apache-2.0,conda-forge
libopenvino-pytorch-frontend,2026.3.0,hefb3f21_0,Apache-2.0,conda-forge
libopenvino-tensorflow-frontend,2026.3.0,ha6ef424_0,Apache-2.0,conda-forge
libopenvino-tensorflow-lite-frontend,2026.3.0,hefb3f21_0,Apache-2.0,conda-forge
libopus,1.6.1,h6a83c73_1,BSD-3-Clause,conda-forge
libpng,1.6.58,hdc8cecf_1,zlib-acknowledgement,conda-forge
libprotobuf,7.35.1,h1a71995_3,BSD-3-Clause,conda-forge
libpsl,0.23.1,h9b16d47_1,MIT,conda-forge
libpython,3.11.16,hcc31f7b_2_cpython,Python-2.0,conda-forge
librsvg,2.62.3,h15cfe45_0,LGPL-2.1-or-later,conda-forge
libsqlite,3.53.4,hf5d6505_1,blessing,conda-forge
libssh2,1.11.1,h734d217_1,BSD-3-Clause,conda-forge
libtheora,1.2.0,h17ce47b_0,BSD-3-Clause,conda-forge
libtiff,4.7.2,h8f73337_1,HPND,conda-forge
libusb,1.0.29,h1839187_0,LGPL-2.1-or-later,conda-forge
libvorbis,1.3.7,h5112557_2,BSD-3-Clause,conda-forge
libvulkan-loader,1.4.357.0,h477610d_2,Apache-2.0,conda-forge
libwebp-base,1.6.0,h4d5522a_1,BSD-3-Clause,conda-forge
libwinpthread,12.0.0.r4.gg4f2fc60ca,h57928b3_10,MIT AND BSD-3-Clause-Clear,conda-forge
libxml2,2.15.4,he095d88_0,MIT,conda-forge
libxml2-16,2.15.4,h3cfd58e_0,MIT,conda-forge
libxslt,1.1.45,ha5384fd_1,MIT,conda-forge
libzlib,1.3.2,hfd05255_3,Zlib,conda-forge
llvm-openmp,23.1.1,h49e36cd_0,Apache-2.0 WITH LLVM-exception,conda-forge
mkl,2026.1.0,hac47afa_235,LicenseRef-IntelSimplifiedSoftwareOct2022,conda-forge
mpg123,1.33.7,ha58212f_1,LGPL-2.1-only,conda-forge
numpy,2.4.6,py311h65cb7f3_0,BSD-3-Clause,conda-forge
opencl-headers,2025.06.13,h826ebb9_0,Apache-2.0,conda-forge
opencv,5.0.0,qt6_he7afa43_606,Apache-2.0,conda-forge
openexr,3.4.15,hea798b2_0,BSD-3-Clause,conda-forge
openh264,2.6.0,h1eab103_2,BSD-2-Clause,conda-forge
openjpeg,2.5.4,h90fa87c_2,BSD-2-Clause,conda-forge
openjph,0.31.0,hf13a347_0,BSD-2-Clause,conda-forge
openssl,3.6.4,hf411b9b_0,Apache-2.0,conda-forge
packaging,26.3,pyhc364b38_0,Apache-2.0,conda-forge
pango,1.58.2,h13911b6_1,LGPL-2.1-or-later,conda-forge
pcre2,10.47,h8466c1e_1,BSD-3-Clause,conda-forge
pip,26.2.1,pyh8b19718_0,MIT,conda-forge
pixman,0.46.4,h5112557_3,MIT,conda-forge
pugixml,1.15,h372dad0_0,MIT,conda-forge
py-opencv,5.0.0,qt6_hd26e59d_606,Apache-2.0,conda-forge
pyside6,6.11.2,py311h700d311_1,LGPL-3.0-only,conda-forge
python,3.11.16,hb12b558_2_cpython,Python-2.0,conda-forge
python-gil,3.11.16,hd8ed1ab_2,Python-2.0,conda-forge
python_abi,3.11,9_cp311,BSD-3-Clause,conda-forge
qt6-main,6.11.2,pl5321hfcac499_0,LGPL-3.0-only,conda-forge
qt6-multimedia,6.11.2,pl5321h30c8fa7_0,GPL-3.0-only,conda-forge
rav1e,0.8.1,h007690e_0,BSD-2-Clause,conda-forge
sdl2,2.32.56,h5112557_0,Zlib,conda-forge
sdl3,3.4.16,h5112557_0,Zlib,conda-forge
setuptools,84.0.0,pyh332efcf_0,MIT,conda-forge
shaderc,2026.4,hef10606_0,Apache-2.0,conda-forge
snappy,1.2.2,h7fa0ca8_1,BSD-3-Clause,conda-forge
spirv-tools,2026.3,h49e36cd_1,Apache-2.0,conda-forge
svt-av1,4.2.0,hac47afa_1,BSD-2-Clause,conda-forge
tbb,2023.1.0,hdcfe883_0,Apache-2.0,conda-forge
tk,8.6.13,h967ab96_4,TCL,conda-forge
tzdata,2026c,h151e31d_0,LicenseRef-Public-Domain,conda-forge
ucrt,10.0.26100.0,h57928b3_0,LicenseRef-MicrosoftWindowsSDK10,conda-forge
vc,14.3,h2df5915_12,BSD-3-Clause,main
vc14_runtime,14.51.36247,habf1de7_41,LicenseRef-MicrosoftVisualCpp2015-2022Runtime,conda-forge
vcomp14,14.51.36247,habf1de7_41,LicenseRef-MicrosoftVisualCpp2015-2022Runtime,conda-forge
vs2015_runtime,14.51.36247,h633cb9f_41,BSD-3-Clause,conda-forge
wheel,0.48.0,pyhd8ed1ab_0,MIT,conda-forge
x264,1!164.3095,hfd05255_3,GPL-2.0-or-later,conda-forge
x265,3.5,h3ee6617_4,GPL-2.0-or-later,conda-forge
xz,5.8.3,hb6c8415_1,0BSD AND LGPL-2.1-or-later AND GPL-2.0-or-later,conda-forge
xz-tools,5.8.3,hfd05255_1,0BSD AND LGPL-2.1-or-later,conda-forge
zlib,1.3.2,hfd05255_3,Zlib,conda-forge
zstd,1.5.7,h534d264_7,BSD-3-Clause,conda-forge
